{
  "scenario": {
    "nodes": 898896,
    "edges": 20049924,
    "path_init_km": 2.655836661121837,
    "path_final_km": 2.655836661121838,
    "events_count": 3
  },
  "performance": {
    "proposed": {
      "h2_total_g": 3.7898201586231797,
      "power_spike_count": 0,
      "max_dp_req": 300.0,
      "degradation_index": 340.6829892171386,
      "min_bus_voltage": 45.56687666433976,
      "replan_time_ms": 0.08336671938498814
    },
    "traditional": {
      "h2_total_g": 4.103807714343351,
      "power_spike_count": 0,
      "max_dp_req": 260.97937466976464,
      "degradation_index": 176.6410865585781,
      "min_bus_voltage": 44.107002662943614,
      "replan_time_ms": 269.4418332539499
    }
  },
  "computational": {
    "init_plan_ms": 11203.896900173277,
    "avg_replan_ms": 0.08336671938498814,
    "avg_astar_ms": 269.4418332539499,
    "speedup_ratio": 3232.007151554872,
    "total_detour_m": 9.094947017729282e-13
  }
}